{
  "title": "FPGA并行编程",
  "description": "pp4fpga",
  "author": "xupsh",
  "language": "zh-hans",
  "gitbook": "3.2.3",
  "root": ".",
  "plugins": [
    "yahei",
    "code",
    "katex",
    "splitter",
    "github-buttons",
    "disqus",
    "-lunr",
    "-search",
    "search-plus",
    "-sharing",
    "sharing-plus",
    "expandable-chapters-small",
    "image-captions",
    "anchor-navigation-ex-toc",
    "hints",
    "custom-favicon"
  ],
  "pluginsConfig": {
    "fontSettings": {
      "theme": "white",
      "family": "msyh",
      "size": 2
    },
    "hints": {
      "info": "fa fa-info-circle",
      "tip": "fa fa-mortar-board",
      "danger": "fa fa-exclamation-triangle",
      "working": "fa fa-wrench"
    },
    "favicon": "favicon.ico",
    "anchor-navigation-ex-toc": {
      "showLevel": false,
      "associatedWithSummary": false,
      "printLog": false,
      "multipleH1": false,
      "mode": "float",
      "float": {
        "showLevelIcon": false,
        "level1Icon": "fa fa-hand-o-right",
        "level2Icon": "fa fa-hand-o-right",
        "level3Icon": "fa fa-hand-o-right"
      },
      "pageTop": {
        "showLevelIcon": false,
        "level1Icon": "fa fa-hand-o-right",
        "level2Icon": "fa fa-hand-o-right",
        "level3Icon": "fa fa-hand-o-right"
      }
    },
    "image-captions": {
      "caption": "_CAPTION_"
    },
    "github-buttons": {
      "buttons": [
        {
          "user": "xupsh",
          "repo": "pp4fpgas-cn",
          "type": "star",
          "size": "small",
          "count": true
        }
      ]
    },
    "disqus": {
      "shortName": "pp4fpga-cn"
    },
    "sharing": {
      "douban": false,
      "facebook": false,
      "google": true,
      "hatenaBookmark": false,
      "instapaper": false,
      "line": false,
      "linkedin": true,
      "messenger": false,
      "pocket": false,
      "qq": true,
      "qzone": true,
      "stumbleupon": false,
      "twitter": false,
      "viber": false,
      "vk": false,
      "weibo": true,
      "whatsapp": false,
      "all": [
        "facebook",
        "google",
        "twitter",
        "weibo",
        "instapaper",
        "linkedin",
        "pocket",
        "stumbleupon"
      ]
    }
  },
  "pdf": {
        "pageNumbers": true,
        "fontSize": 14,
        "paperSize": "a4",
        "margin": {
            "right": 62,
            "left": 62,
            "top": 36,
            "bottom": 36
        },
        "headerTemplate": null,
        "footerTemplate": null
    }
}
